pathway	pval	padj	log2err	ES	NES	size
3-phosphoinositide biosynthesis | YeastCyc	0.5314883803441547	0.9707709530194736	0.022061400910685047	0.37440638669808546	0.9447950484891938	11
ABC transporters - Saccharomyces cerevisiae (budding yeast) | KEGG	0.3917018284106892	0.8386765958789562	0.026949403363348046	0.39094644061277184	1.0526345296373334	14
Activation of the mRNA upon binding of the cap-binding complex and eIFs, and subsequent binding to 43S | Reactome	3.5851440162309515e-9	7.371952383374895e-8	0.7749390301364363	-0.587542121672507	-2.4675303941773157	66
Adaptive Immune System | Reactome	0.6170245635717596	0.9707709530194736	0.017693577460174276	0.240259788250007	0.9122624998582592	65
Alanine, aspartate and glutamate metabolism - Saccharomyces cerevisiae (budding yeast) | KEGG	0.32718780727630287	0.76343821697804	0.03682695230868218	-0.3191528858073666	-1.0800871298468173	26
Amino acids regulate mTORC1 | Reactome	0.27872391460781965	0.7108540147749819	0.039797484896446904	-0.3692627471109019	-1.1432907750713628	19
Amino sugar and nucleotide sugar metabolism - Saccharomyces cerevisiae (budding yeast) | KEGG	0.20754716981132076	0.6503144654088051	0.038893754761451835	0.424043458727446	1.221305172002754	18
Aminoacyl-tRNA biosynthesis - Saccharomyces cerevisiae (budding yeast) | KEGG	0.09902676399026764	0.3832918276799771	0.07008630266812224	-0.4092677137274123	-1.3560763860295264	24
Antigen processing: Ubiquitination & Proteasome degradation | Reactome	0.7742246504901173	0.9707709530194736	0.014963852659024673	0.23314027408075796	0.8102344161394245	41
Arginine and proline metabolism - Saccharomyces cerevisiae (budding yeast) | KEGG	0.5567753001715265	0.9707709530194736	0.020813041460137825	0.3230917842930024	0.9305500628940655	18
Arginine biosynthesis - Saccharomyces cerevisiae (budding yeast) | KEGG	0.025107604017216643	0.1558566362578165	0.14038920200174856	-0.5433883550112876	-1.6277357943678388	17
Asparagine N-linked glycosylation | Reactome	0.48501785437043937	0.9277376400457823	0.021406340846391196	0.26659610960152647	0.9815545783665789	54
Association of TriC/CCT with target proteins during biosynthesis | Reactome	0.9443298969072165	0.9890000390762378	0.01723009841984876	-0.22969988402878366	-0.6033610287039118	11
Autophagy - other - Saccharomyces cerevisiae (budding yeast) | KEGG	0.960603956959389	0.9890000390762378	0.012959368649979862	0.20642597288008577	0.5766404777296569	16
Autophagy - yeast - Saccharomyces cerevisiae (budding yeast) | KEGG	0.9085149126873744	0.9890000390762378	0.012080486192748865	0.19510130059669148	0.7397709110165263	64
Autophagy | Reactome	0.2353431045969354	0.6732859253251455	0.035572587882033116	0.3619000329090212	1.1701237454088165	30
Axon guidance | Reactome	0.8939289805269187	0.9890000390762378	0.018037535177644577	-0.25301449042698454	-0.664602352180081	11
Basal transcription factors - Saccharomyces cerevisiae (budding yeast) | KEGG	0.06591244466305952	0.3210364802427419	0.08702116448082649	-0.41276084599327895	-1.4127435949031606	27
Bile acid and bile salt metabolism | Reactome	0.971565059144677	0.9890000390762378	0.016710968791631076	-0.21320177882110533	-0.5429600789250499	10
Biological oxidations | Reactome	0.43882709807886755	0.8911982423947372	0.02431715128389864	0.33614731352626237	1.0169175988428845	22
Butyrate Response Factor 1 (BRF1) binds and destabilizes mRNA | Reactome	0.11499771376314587	0.41006271379703535	0.06272080965934694	-0.5045758738024942	-1.3634761081448792	12
CD28 co-stimulation | Reactome	0.5636105188343994	0.9707709530194736	0.02116946476829541	0.35749865727365326	0.9232903951468759	12
CDC42 GTPase cycle | Reactome	0.500351617440225	0.940661040787623	0.022876480128686722	0.3603159454360521	0.9701610408587489	14
COPI-dependent Golgi-to-ER retrograde traffic | Reactome	0.17384026781444284	0.571934481109517	0.0515441499025212	-0.42029909922991876	-1.2590183095530039	17
COPI-mediated anterograde transport | Reactome	0.5887807139545665	0.9707709530194736	0.024727948614473298	-0.31690207126784375	-0.8988955618082617	14
COPII-mediated vesicle transport | Reactome	0.09386585776879003	0.3766081366577063	0.05943045084490919	0.43687510731742163	1.3690095465749668	26
Cap-dependent Translation Initiation | Reactome	3.8551786126827047e-20	1.4092819595251222e-18	1.1601795718302144	-0.6245797623162173	-2.94651628585141	127
Cargo recognition for clathrin-mediated endocytosis | Reactome	0.4131130063965885	0.8656954083087747	0.02621599740152998	0.39991516139623373	1.03283696282002	12
Cell Cycle | Reactome	0.7964255794470818	0.9707709530194736	0.022842815888673023	-0.20692942281801402	-0.8340769002730871	55
Cell Cycle, Mitotic | Reactome	0.9192563817980022	0.9890000390762378	0.020499056300523965	-0.18417189768057968	-0.7371817621156754	53
Cell cycle - yeast - Saccharomyces cerevisiae (budding yeast) | KEGG	0.8055333439948824	0.9707709530194736	0.014322378538331789	0.22625594056262072	0.7929371929501824	43
Cellular Senescence | Reactome	0.1896551724137931	0.6113487292500684	0.04812769089966659	-0.44900746844639366	-1.2460073372443663	13
Cellular response to heat stress | Reactome	0.015619576535925026	0.10933703575147519	0.15181288128745332	0.5908182650885871	1.6504208355118126	16
Cellular response to starvation | Reactome	0.27872391460781965	0.7108540147749819	0.039797484896446904	-0.3692627471109019	-1.1432907750713628	19
Cellular responses to external stimuli | Reactome	0.574085554866708	0.9707709530194736	0.018811540072090176	0.25054296468952997	0.9294317075351117	56
Cellular responses to stress | Reactome	0.574085554866708	0.9707709530194736	0.018811540072090176	0.25054296468952997	0.9294317075351117	56
Chaperonin-mediated protein folding | Reactome	0.9470504619758351	0.9890000390762378	0.013505957571901562	0.22633761659632706	0.5845486219654842	12
Cholesterol biosynthesis | Reactome	0.43020393811533053	0.8846068477496484	0.025350093068995473	0.37940648487252215	1.0215628670749795	14
Chromatin modifying enzymes | Reactome	0.7020590424212354	0.9707709530194736	0.022966704938482067	-0.2475056308624137	-0.8551058838094284	28
Chromatin organization | Reactome	0.7020590424212354	0.9707709530194736	0.022966704938482067	-0.2475056308624137	-0.8551058838094284	28
Citrate cycle (TCA cycle) - Saccharomyces cerevisiae (budding yeast) | KEGG	5.283428336167315e-6	9.148673276837087e-5	0.610526878385931	0.7181216322020363	2.2090632943957615	24
Citric acid cycle (TCA cycle) | Reactome	6.405705722765831e-5	0.0010035605632333134	0.5384340963099162	0.7868090062373504	2.0783350316474976	13
Class I MHC mediated antigen processing & presentation | Reactome	0.9435189592257656	0.9890000390762378	0.011911730016932718	0.19231069631952982	0.683874759592018	46
Class I peroxisomal membrane protein import | Reactome	0.2568676418123439	0.6927004439037799	0.03518196446444808	0.48493804509502747	1.1904633608437216	10
Clathrin-mediated endocytosis | Reactome	0.7052868391451068	0.9707709530194736	0.016314150340530336	0.24544728830542673	0.8530050893920862	41
Costimulation by the CD28 family | Reactome	0.820201318986463	0.9812590325328957	0.015242318374366329	0.26306409140075815	0.7348561870505075	16
Cristae formation | Reactome	0.2233321441312879	0.6560381733856582	0.038144106823430494	0.503073024055672	1.2349825076103742	10
Cysteine and methionine metabolism - Saccharomyces cerevisiae (budding yeast) | KEGG	0.7545261784374491	0.9707709530194736	0.015551546099886527	0.24155560867394038	0.8200080542246031	37
Cytokine Signaling in Immune system | Reactome	0.8549655850540806	0.9890000390762378	0.019758492188132984	-0.2295590918325772	-0.7366139837706913	22
DNA Damage Bypass | Reactome	0.3820689655172414	0.826978221415608	0.03231993570512057	-0.37898571936249303	-1.051695172622453	13
DNA Repair | Reactome	0.009154550350026925	0.0865251853745845	0.24883263202204342	-0.42609988962018125	-1.6344204012393615	44
DNA Replication | Reactome	0.7809660449545672	0.9707709530194736	0.02071846783255017	-0.2597468297383045	-0.778079265665942	17
Deadenylation-dependent mRNA decay | Reactome	0.0029838426667661015	0.03775708605254028	0.4317076958033464	-0.5484413886686079	-1.8388969108099522	25
Deubiquitination | Reactome	0.9787367104440275	0.9890000390762378	0.011152897558680186	0.17058256926211918	0.6227050502579577	52
Developmental Biology | Reactome	0.7948113207547169	0.9707709530194736	0.020238133815339863	-0.2598229229212953	-0.7668049103553521	16
Dual incision in TC-NER | Reactome	0.010520913523222993	0.09108896181948327	0.22623238004642038	-0.4557795612167974	-1.6476093441310562	34
E3 ubiquitin ligases ubiquitinate target proteins | Reactome	0.6583217431617988	0.9707709530194736	0.02291023685690712	-0.3008950864886853	-0.8534916062002947	14
ER to Golgi Anterograde Transport | Reactome	0.2697788697788698	0.702859141358668	0.03249601016040235	0.34134165105371594	1.1366914801108867	34
ESR-mediated signaling | Reactome	0.09216349908877897	0.3755943468684532	0.07536417718593032	-0.35729879299786216	-1.3258949576974384	38
Endocytosis - Saccharomyces cerevisiae (budding yeast) | KEGG	0.6509463233012721	0.9707709530194736	0.01696965173825317	0.23733657503268332	0.8938078615160617	62
Endosomal Sorting Complex Required For Transport (ESCRT) | Reactome	0.7361407249466951	0.9707709530194736	0.017155647151699604	0.30904915789356924	0.7981627715399864	12
Estrogen-dependent gene expression | Reactome	0.046974913920314804	0.24927010773844469	0.10352617950193847	-0.42959335512863356	-1.4703556957067054	27
Eukaryotic Translation Initiation | Reactome	3.8551786126827047e-20	1.4092819595251222e-18	1.1601795718302144	-0.6245797623162173	-2.94651628585141	127
Extra-nuclear estrogen signaling | Reactome	0.7184672698243747	0.9707709530194736	0.017488717140887844	0.31911998035704575	0.8052826768642495	11
Fatty acid biosynthesis - Saccharomyces cerevisiae (budding yeast) | KEGG	0.10542276132714948	0.3986676836394503	0.057590186832974725	0.5679018271007482	1.3941292595163703	10
Fatty acid degradation - Saccharomyces cerevisiae (budding yeast) | KEGG	0.3016631280962491	0.7462193168696689	0.031827281352516563	0.432130045576578	1.141460004689252	13
Fatty acid metabolism | Reactome	0.0032355358022198564	0.038017545676083314	0.4317076958033464	0.5550554032327584	1.7946489314174534	30
Fc epsilon receptor (FCERI) signaling | Reactome	0.9799818016378526	0.9890000390762378	0.01658523498535255	-0.20398116574859187	-0.519477982156101	10
Formation of ATP by chemiosmotic coupling | Reactome	0.2233321441312879	0.6560381733856582	0.038144106823430494	0.503073024055672	1.2349825076103742	10
Formation of Incision Complex in GG-NER | Reactome	0.015994436717663423	0.10962853500231805	0.17371321926215616	-0.6074241700064109	-1.7229640954045535	14
Formation of TC-NER Pre-Incision Complex | Reactome	0.001981792179573	0.027167067794979877	0.4317076958033464	-0.5264378385972621	-1.8502165987747532	30
Formation of a pool of free 40S subunits | Reactome	1.5718014295201786e-21	1.723742234373796e-19	1.2039752407526414	-0.6776105088909731	-3.0868826244425875	104
Formation of the Early Elongation Complex | Reactome	0.0924715565238441	0.3755943468684532	0.07244046740442227	-0.4431953703701801	-1.389161045253466	20
Formation of the ternary complex, and subsequently, the 43S complex | Reactome	1.2171405979549536e-10	3.0803019748244595e-9	0.826657301178302	-0.6452866508320317	-2.6422508522192207	59
Fructose and mannose metabolism - Saccharomyces cerevisiae (budding yeast) | KEGG	0.6088548021614084	0.9707709530194736	0.019693333900185135	0.3251584137743456	0.89383493106562	15
G2/M Transition | Reactome	0.7111462728551337	0.9707709530194736	0.017506873948808763	0.30201659427183025	0.8131883619548971	14
GPCR downstream signalling | Reactome	0.21972406745017883	0.6560381733856582	0.03749617807355256	0.4076742078400289	1.2014807665104652	20
GTP hydrolysis and joining of the 60S ribosomal subunit | Reactome	2.201829647893516e-21	1.811004885392417e-19	1.1953444825884847	-0.6765728721153981	-3.082155627309312	104
Gap-filling DNA repair synthesis and ligation in TC-NER | Reactome	0.004452151369353426	0.05050888967300956	0.40701791892395395	-0.5069819204854826	-1.7955724416785406	31
Gene expression (Transcription) | Reactome	0.24890965732087228	0.6767874153600577	0.048974194902518565	-0.24524115090764131	-1.1013121464967102	95
Generic Transcription Pathway | Reactome	0.9626065438548254	0.9890000390762378	0.019658723620017148	-0.17252111888319133	-0.6773805367859358	49
Global Genome Nucleotide Excision Repair (GG-NER) | Reactome	0.02830188679245283	0.1688382854359474	0.1311834041317628	-0.5463327686310802	-1.6123698593031681	16
Gluconeogenesis | Reactome	0.3317107093184979	0.7685410096182098	0.03531101094402161	-0.38708108910793665	-1.097958974098819	14
Glucose metabolism | Reactome	0.6958806577385998	0.9707709530194736	0.01729068852988103	0.271389952109923	0.8417107387031452	25
Glutathione metabolism - Saccharomyces cerevisiae (budding yeast) | KEGG	0.21780631725095453	0.6560381733856582	0.03809193831914302	0.4358170863874321	1.2174329101657353	16
Glycerolipid metabolism - Saccharomyces cerevisiae (budding yeast) | KEGG	0.3200202224469161	0.7547995418098512	0.02980262336664822	0.36547641906955536	1.1056444230213107	22
Glycerophospholipid biosynthesis | Reactome	0.012696800406297613	0.09493743940163443	0.1665211480199722	0.5393579150735235	1.6437979963958398	23
Glycerophospholipid metabolism - Saccharomyces cerevisiae (budding yeast) | KEGG	0.04851120776179324	0.25333630720047584	0.08355475162264983	0.45517296558785275	1.4585287994801717	29
Glycine, serine and threonine metabolism - Saccharomyces cerevisiae (budding yeast) | KEGG	0.948432760364004	0.9890000390762378	0.012717321998585083	0.20058621846706642	0.6285651056636323	26
Glycogen metabolism | Reactome	0.09097370291400142	0.3755943468684532	0.06213710469816119	0.5490825982016849	1.4180827780671748	12
Glycogen synthesis | Reactome	0.062254727078130574	0.31297046902142445	0.0759225511621017	0.6092630740106916	1.4956660424170591	10
Glycolysis / Gluconeogenesis - Saccharomyces cerevisiae (budding yeast) | KEGG	0.9005027785128341	0.9890000390762378	0.020089575879766883	-0.19555633332270947	-0.7375928492434944	41
Glycolysis | Reactome	0.9149665695182582	0.9890000390762378	0.013486979416744965	0.22689013245478573	0.6605270171740187	19
Glycosylphosphatidylinositol (GPI)-anchor biosynthesis - Saccharomyces cerevisiae (budding yeast) | KEGG	0.6180592513748447	0.9707709530194736	0.019732387376782318	0.34871020143837483	0.8799520611338187	11
Glyoxylate and dicarboxylate metabolism - Saccharomyces cerevisiae (budding yeast) | KEGG	0.005925173522938886	0.06288329319506109	0.24518806365913484	0.5753329161953843	1.753438799120301	23
Glyoxylate metabolism and glycine degradation | Reactome	0.6029207232267038	0.9707709530194736	0.024336107163645995	-0.3138451466624432	-0.8902245678018685	14
Golgi-to-ER retrograde transport | Reactome	0.6284930567460998	0.9707709530194736	0.018965765546232454	0.3021922693079173	0.8797480793872055	19
HATs acetylate histones | Reactome	0.5993103448275862	0.9707709530194736	0.024298224302293555	-0.32205736187623846	-0.8937175083074728	13
HDMs demethylate histones | Reactome	0.3009275775954335	0.7462193168696689	0.03203136981461935	0.4676786983919034	1.1480937837606495	10
Hemostasis | Reactome	0.310126582278481	0.7547995418098512	0.030165996717412494	0.34195566386966236	1.1056380375392705	30
Histidine metabolism - Saccharomyces cerevisiae (budding yeast) | KEGG	0.4499314128943759	0.9026063100137174	0.029150445008678683	-0.3710155614818094	-1.0025664723486507	12
Immune System | Reactome	0.9697097181320993	0.9890000390762378	0.026363790434249766	-0.15798766613224954	-0.7948466589854755	201
Innate Immune System | Reactome	0.5901939260885474	0.9707709530194736	0.03290357014242998	-0.19809962353928107	-0.956530226111911	146
Inositol phosphate metabolism - Saccharomyces cerevisiae (budding yeast) | KEGG	0.5576188823325234	0.9707709530194736	0.02097070485781765	0.33316631136978064	0.9306831803733344	16
Insertion of tail-anchored proteins into the endoplasmic reticulum membrane | Reactome	0.5668926150552979	0.9707709530194736	0.02114017535237228	0.3727863393758792	0.9151446930980089	10
Insulin receptor recycling | Reactome	0.6032183908045977	0.9707709530194736	0.02419151326243238	-0.3210957949784767	-0.8910491352979812	13
Integration of energy metabolism | Reactome	0.08142629058009579	0.35249012632699356	0.06581329395295889	0.570688212791431	1.4401020303942602	11
Interleukin-17 signaling | Reactome	0.7703448275862069	0.9707709530194736	0.02032449160724166	-0.2795001344998343	-0.775620101715878	13
Intra-Golgi and retrograde Golgi-to-ER traffic | Reactome	0.6988779098978396	0.9707709530194736	0.017050035166552055	0.2661605297963399	0.848273394873029	28
Intracellular signaling by second messengers | Reactome	0.9611910337905654	0.9890000390762378	0.01241508074731637	0.19315088302843597	0.6189210406601485	29
Ion channel transport | Reactome	0.07224402425972172	0.330377347816248	0.07026667822982123	0.5990576928372865	1.4706130846356122	10
Iron uptake and transport | Reactome	0.46846424384525204	0.9174091441969519	0.02887664213262334	-0.3404653898141283	-0.9842596130321333	15
L13a-mediated translational silencing of Ceruloplasmin expression | Reactome	3.057678463610672e-20	1.4092819595251222e-18	1.1601795718302144	-0.6332528917370157	-2.9570312589755128	120
L1CAM interactions | Reactome	0.8626023657870792	0.9890000390762378	0.018461584809625144	-0.2723318432903684	-0.6935463669410306	10
Longevity regulating pathway - multiple species - Saccharomyces cerevisiae (budding yeast) | KEGG	0.5126028806584362	0.9582178848671904	0.02892188156958379	-0.26867623900588744	-0.9619699524139611	33
Lysine biosynthesis - Saccharomyces cerevisiae (budding yeast) | KEGG	0.5507445589919817	0.9707709530194736	0.02564854171854537	-0.35247128864008814	-0.9258491365882783	11
Lysine degradation - Saccharomyces cerevisiae (budding yeast) | KEGG	0.2629157820240623	0.6977678902484242	0.03453978821781183	0.4470025888255666	1.1807454315196881	13
M Phase | Reactome	0.6341701194248112	0.9707709530194736	0.024329785321009018	-0.2649636558494347	-0.8884100621969084	25
MAP kinase activation | Reactome	0.7703448275862069	0.9707709530194736	0.02032449160724166	-0.2795001344998343	-0.775620101715878	13
MAPK family signaling cascades | Reactome	0.341901728844404	0.7811504777070064	0.03430953211142256	-0.4258056191632963	-1.0843973904252742	10
MAPK signaling pathway - yeast - Saccharomyces cerevisiae (budding yeast) | KEGG	0.5845134076529075	0.9707709530194736	0.018121201587644967	0.23864717289233645	0.9322654633567443	75
MAPK targets/ Nuclear events mediated by MAP kinases | Reactome	0.8861454046639232	0.9890000390762378	0.01813647392844131	-0.24953303699160673	-0.6742937024850002	12
MTOR signalling | Reactome	0.39257202360291565	0.8386765958789562	0.026687494608650497	0.37679467071943373	1.0525567877829964	16
Macroautophagy | Reactome	0.2353431045969354	0.6732859253251455	0.035572587882033116	0.3619000329090212	1.1701237454088165	30
Meiosis - yeast - Saccharomyces cerevisiae (budding yeast) | KEGG	0.09803001876172608	0.3832918276799771	0.05580403078398812	0.3590464547176853	1.3106851514609448	52
Membrane Trafficking | Reactome	0.11716077537058153	0.41006271379703535	0.04822336963919134	0.2929111119008173	1.228240584731919	116
Metabolism of RNA | Reactome	5.075282024528611e-20	1.669767786069913e-18	1.1601795718302144	-0.5714247918890105	-2.7995237912512887	162
Metabolism of amino acids and derivatives | Reactome	0.3187675070028011	0.7547995418098512	0.040269694795322115	-0.2595157844969468	-1.0709002692542622	61
Metabolism of carbohydrates | Reactome	0.478743357299156	0.9242197101684156	0.0217141472324866	0.2684159737073998	0.9828724458917975	53
Metabolism of folate and pterines | Reactome	0.6835759781619655	0.9707709530194736	0.022014178079948748	-0.32587009865648653	-0.8298920180881934	10
Metabolism of lipids | Reactome	0.019671646206182516	0.13208105309865403	0.12449997625338785	0.36141914023271005	1.4640494291375377	93
Metabolism of nucleotides | Reactome	0.9794880488218342	0.9890000390762378	0.012334008530666579	0.1811006141636727	0.5616800863193221	25
Metabolism of porphyrins | Reactome	0.9106254442075338	0.9890000390762378	0.01407245214222597	0.24687946470884214	0.6376008241904935	12
Metabolism of proteins | Reactome	4.970920306060914e-7	9.620192827612004e-6	0.6594443980379349	-0.33101012701299387	-1.756990567481369	309
Metabolism of steroids | Reactome	0.6705426356589147	0.9707709530194736	0.017749019824051415	0.28532367766533584	0.8631652180727176	22
Metabolism of vitamins and cofactors | Reactome	0.8300015992323685	0.9890000390762378	0.013890523097732749	0.22177182607231768	0.7772221529474027	43
Metabolism of water-soluble vitamins and cofactors | Reactome	0.9189100995268397	0.9890000390762378	0.012706989144920626	0.20441735031843317	0.6860075311406744	35
Metabolism | Reactome	0.011707905853952927	0.09171192918929792	0.14615153430494887	0.2818227505506569	1.3346427315188207	335
Methane metabolism - Saccharomyces cerevisiae (budding yeast) | KEGG	0.08485139022051774	0.36225473387434753	0.07536417718593032	-0.46246769983924524	-1.4054476339131914	18
Mitochondrial biogenesis | Reactome	0.2233321441312879	0.6560381733856582	0.038144106823430494	0.503073024055672	1.2349825076103742	10
Mitophagy - yeast - Saccharomyces cerevisiae (budding yeast) | KEGG	0.8031194068013295	0.9707709530194736	0.021321921409751525	-0.224414837561561	-0.7981824977645421	32
Mitotic Anaphase | Reactome	0.8964334705075446	0.9890000390762378	0.017965724706361787	-0.24578718620122797	-0.6641715814670694	12
Mitotic G1 phase and G1/S transition | Reactome	0.6500178380306814	0.9707709530194736	0.01905594096082873	0.3464344923138837	0.8504541439955653	10
Mitotic G2-G2/M phases | Reactome	0.7111462728551337	0.9707709530194736	0.017506873948808763	0.30201659427183025	0.8131883619548971	14
Mitotic Metaphase and Anaphase | Reactome	0.8964334705075446	0.9890000390762378	0.017965724706361787	-0.24578718620122797	-0.6641715814670694	12
MyD88 cascade initiated on plasma membrane | Reactome	0.7703448275862069	0.9707709530194736	0.02032449160724166	-0.2795001344998343	-0.775620101715878	13
MyD88 dependent cascade initiated on endosome | Reactome	0.7703448275862069	0.9707709530194736	0.02032449160724166	-0.2795001344998343	-0.775620101715878	13
MyD88-independent TLR4 cascade  | Reactome	0.7703448275862069	0.9707709530194736	0.02032449160724166	-0.2795001344998343	-0.775620101715878	13
MyD88:MAL(TIRAP) cascade initiated on plasma membrane | Reactome	0.7703448275862069	0.9707709530194736	0.02032449160724166	-0.2795001344998343	-0.775620101715878	13
N-Glycan biosynthesis - Saccharomyces cerevisiae (budding yeast) | KEGG	0.06635404454865182	0.3210364802427419	0.08461408643957584	-0.5087162417696603	-1.4706600619250054	15
N-glycan trimming in the ER and Calnexin/Calreticulin cycle | Reactome	0.9501507894270002	0.9890000390762378	0.013435583367183455	0.22842498843155068	0.5764185806887947	11
Nervous system development | Reactome	0.8939289805269187	0.9890000390762378	0.018037535177644577	-0.25301449042698454	-0.664602352180081	11
Neuronal System | Reactome	0.6826614341776668	0.9707709530194736	0.01832509073614871	0.33624811609433186	0.8254478410424325	10
Neutrophil degranulation | Reactome	0.4939718687206966	0.9394031491856022	0.034690770658950085	-0.21205284282554945	-0.9862655111213179	116
Nicotinate and nicotinamide metabolism - Saccharomyces cerevisiae (budding yeast) | KEGG	0.47823779193205945	0.9242197101684156	0.023707336098838957	0.3738661730033303	0.9875575372689723	13
Nonsense Mediated Decay (NMD) enhanced by the Exon Junction Complex (EJC) | Reactome	1.2619279636139876e-19	3.459785833575016e-18	1.142191202168377	-0.6412437628397032	-2.9697848852660385	113
Nonsense Mediated Decay (NMD) independent of the Exon Junction Complex (EJC) | Reactome	5.441895654333302e-21	3.580767340551312e-19	1.1866509527928102	-0.6566709200654807	-3.0296428826518773	111
Nonsense-Mediated Decay (NMD) | Reactome	1.2619279636139876e-19	3.459785833575016e-18	1.142191202168377	-0.6412437628397032	-2.9697848852660385	113
Nuclear Envelope (NE) Reassembly | Reactome	0.8964334705075446	0.9890000390762378	0.017965724706361787	-0.24578718620122797	-0.6641715814670694	12
Nuclear Events (kinase and transcription factor activation) | Reactome	0.783040624445627	0.9707709530194736	0.01623160444196716	0.2991095360093242	0.7547873610537286	11
Nucleocytoplasmic transport - Saccharomyces cerevisiae (budding yeast) | KEGG	0.9884507042253521	0.9914642734455512	0.01962421055147061	-0.15188777242694695	-0.613704971441134	56
Nucleotide Excision Repair | Reactome	0.010844306738962044	0.09148145941329519	0.2234791191174785	-0.4490305922537919	-1.6346885173190575	35
Nucleotide excision repair - Saccharomyces cerevisiae (budding yeast) | KEGG	0.3603538976566236	0.8102525563070756	0.03425588822160245	-0.3550388671694106	-1.0635293656071327	17
One carbon pool by folate - Saccharomyces cerevisiae (budding yeast) | KEGG	0.3211912943871707	0.7547995418098512	0.03573477850905551	-0.422296362116724	-1.1092611933262346	11
Orc1 removal from chromatin | Reactome	0.9131229995427527	0.9890000390762378	0.017693577460174276	-0.239555651295155	-0.6473325897462184	12
Organelle biogenesis and maintenance | Reactome	0.2233321441312879	0.6560381733856582	0.038144106823430494	0.503073024055672	1.2349825076103742	10
Oxidative phosphorylation - Saccharomyces cerevisiae (budding yeast) | KEGG	0.9590824550526968	0.9890000390762378	0.011325033036699274	0.18074739405890022	0.6705131764560206	56
PI Metabolism | Reactome	0.2410755679184052	0.6767874153600577	0.042357435191322984	-0.4173812559265449	-1.1839056685029605	14
PIP3 activates AKT signaling | Reactome	0.9499494438827099	0.9890000390762378	0.012694081903009346	0.19988223324760812	0.626359069041395	26
PTEN Regulation | Reactome	0.2309278350515464	0.6723474135571572	0.043101603890193116	-0.45746436874642843	-1.20163827373828	11
Pantothenate and CoA biosynthesis - Saccharomyces cerevisiae (budding yeast) | KEGG	0.7145254074784276	0.9707709530194736	0.02214051262653225	-0.2706405557949637	-0.8224815028491733	18
Pentose phosphate pathway - Saccharomyces cerevisiae (budding yeast) | KEGG	0.852991452991453	0.9890000390762378	0.019693333900185135	-0.225325414838991	-0.7348620333120324	23
Pentose phosphate pathway | Reactome	0.6755262219051017	0.9707709530194736	0.018481206677385877	0.33861588621699035	0.8312604259827893	10
Peroxisomal protein import | Reactome	0.6927873272665993	0.9707709530194736	0.01726927086170245	0.2799731728597963	0.8469787953928246	22
Peroxisome - Saccharomyces cerevisiae (budding yeast) | KEGG	0.07230142566191446	0.330377347816248	0.06843577449753617	0.4597404627178138	1.4142392257760563	24
Phagosome - Saccharomyces cerevisiae (budding yeast) | KEGG	0.9030988686669946	0.9890000390762378	0.018941285989011895	-0.20651430402614318	-0.7068300278499973	27
Phase II - Conjugation of compounds | Reactome	0.8032700421940928	0.9707709530194736	0.0157310150456902	0.2765574488590831	0.7446388810732951	14
Phenylalanine, tyrosine and tryptophan biosynthesis - Saccharomyces cerevisiae (budding yeast) | KEGG	0.030829856281872972	0.17794776696028433	0.12449997625338785	-0.567861028447712	-1.6107428902353116	14
Phosphatidylinositol signaling system - Saccharomyces cerevisiae (budding yeast) | KEGG	0.1488673139158576	0.5049210956527541	0.04663330828533923	0.4358453210934759	1.2845055203317475	20
Phospholipid metabolism | Reactome	0.09541673462730386	0.378218140872084	0.05790347029013962	0.39247452008492223	1.332332001373612	37
Platelet activation, signaling and aggregation | Reactome	0.06813149378300119	0.3248588616609767	0.07072344490479843	0.4860272828599519	1.4323997474589225	20
Platelet degranulation  | Reactome	0.9474058280028429	0.9890000390762378	0.013500532880474281	0.22607953360742697	0.5838820864696044	12
Porphyrin and chlorophyll metabolism - Saccharomyces cerevisiae (budding yeast) | KEGG	0.8641379310344828	0.9890000390762378	0.01859166497820987	-0.25328645447364057	-0.7028764617006497	13
Post-translational protein modification | Reactome	0.895463777928233	0.9890000390762378	0.010326485493943813	0.18326478487308065	0.8046962859111911	162
Propanoate metabolism - Saccharomyces cerevisiae (budding yeast) | KEGG	0.31843178995919813	0.7547995418098512	0.030850179836868698	0.44534263457456796	1.1237989814700344	11
Proteasome - Saccharomyces cerevisiae (budding yeast) | KEGG	0.9502365801925273	0.9890000390762378	0.01221810571779758	0.19260974207124004	0.6463821853971982	35
Protein export - Saccharomyces cerevisiae (budding yeast) | KEGG	0.41852286049237986	0.8714811462151454	0.030955342541650964	-0.35333966125214633	-1.021478155071229	15
Protein folding | Reactome	0.9470504619758351	0.9890000390762378	0.013505957571901562	0.22633761659632706	0.5845486219654842	12
Protein localization | Reactome	0.10480279898218829	0.3986676836394503	0.054338253937587	0.3719516244969132	1.3100389369759742	44
Protein processing in endoplasmic reticulum - Saccharomyces cerevisiae (budding yeast) | KEGG	0.08588410104011887	0.36225473387434753	0.0837037443963104	-0.29715640695073825	-1.2807964248953079	76
Protein ubiquitination | Reactome	0.9700438382854359	0.9890000390762378	0.017734211334780835	-0.1821461861491409	-0.5774733473829463	21
Purine metabolism - Saccharomyces cerevisiae (budding yeast) | KEGG	0.7059773828756059	0.9707709530194736	0.024204019965755136	-0.22493880608810077	-0.8628131164937151	44
Pyrimidine metabolism - Saccharomyces cerevisiae (budding yeast) | KEGG	0.33436426116838486	0.7692716218489414	0.029354915243756965	0.3869187430169979	1.1016158989511204	17
Pyruvate metabolism - Saccharomyces cerevisiae (budding yeast) | KEGG	0.34752681287017767	0.7885263547192307	0.02740088960335392	0.3065684438431205	1.0719622621538598	42
Pyruvate metabolism and Citric Acid (TCA) cycle | Reactome	1.7006224132766327e-4	0.002543203518036419	0.5188480777437918	0.6919683032786419	2.039340707446482	20
RAB GEFs exchange GTP for GDP on RABs | Reactome	0.9092783505154639	0.9890000390762378	0.017786117382464665	-0.24577655082800068	-0.6455901933337472	11
RHO GTPase Effectors | Reactome	0.37080459770114943	0.8187564606958266	0.03290357014242998	-0.3820819762442223	-1.0602873655451608	13
RHO GTPase cycle | Reactome	0.3813178089441651	0.826978221415608	0.03516769649781771	-0.27519760507363544	-1.0379811391548355	41
RHOA GTPase cycle | Reactome	0.6107480029048656	0.9707709530194736	0.024839383979947102	-0.28539434883090575	-0.8945461492529359	20
RHOB GTPase cycle | Reactome	0.7898679985729575	0.9707709530194736	0.016185604234481957	0.3023894701152716	0.7423290222705392	10
RHOD GTPase cycle | Reactome	0.05818266110338433	0.29909524223458506	0.09000400369855736	-0.5270598557838528	-1.495009998754406	14
RHOQ GTPase cycle | Reactome	0.8517241379310345	0.9890000390762378	0.018807507340403037	-0.25720952898048977	-0.7137630949163598	13
RNA Pol II CTD phosphorylation and interaction with CE | Reactome	0.10698009114895658	0.39995965895462177	0.06681209315249766	-0.43823210469934754	-1.3568298631878961	19
RNA Polymerase I Promoter Clearance | Reactome	0.02485345838218054	0.1558566362578165	0.13971521655337235	-0.5701002238684019	-1.6481164973643398	15
RNA Polymerase I Promoter Escape | Reactome	0.02485345838218054	0.1558566362578165	0.13971521655337235	-0.5701002238684019	-1.6481164973643398	15
RNA Polymerase I Transcription | Reactome	0.02485345838218054	0.1558566362578165	0.13971521655337235	-0.5701002238684019	-1.6481164973643398	15
RNA Polymerase II Pre-transcription Events | Reactome	0.004973749654600719	0.05454545454545455	0.34452128726268	-0.4251483158121163	-1.6884752384554607	51
RNA Polymerase II Promoter Escape | Reactome	0.011648518612306914	0.09171192918929792	0.2133879230180531	-0.4659716424525546	-1.6503267788924079	31
RNA Polymerase II Transcription Elongation | Reactome	0.03434030467337981	0.19200933784013813	0.12449997625338785	-0.4116881712252982	-1.498744045122226	35
RNA Polymerase II Transcription Initiation And Promoter Clearance | Reactome	0.009204806954743032	0.0865251853745845	0.24169838609665498	-0.4779404667564139	-1.6999041582254457	32
RNA Polymerase II Transcription Initiation | Reactome	0.009204806954743032	0.0865251853745845	0.24169838609665498	-0.4779404667564139	-1.6999041582254457	32
RNA Polymerase II Transcription Pre-Initiation And Promoter Opening | Reactome	0.009204806954743032	0.0865251853745845	0.24169838609665498	-0.4779404667564139	-1.6999041582254457	32
RNA Polymerase II Transcription | Reactome	0.3984445109183368	0.8457306070460181	0.03681099751184898	-0.2350947984587981	-1.0224313126298485	80
RNA Polymerase III Transcription Initiation From Type 1 Promoter | Reactome	0.24806565064478311	0.6767874153600577	0.04195319987443899	-0.4060346970443477	-1.173815505912857	15
RNA Polymerase III Transcription Initiation From Type 2 Promoter | Reactome	0.24806565064478311	0.6767874153600577	0.04195319987443899	-0.4060346970443477	-1.173815505912857	15
RNA Polymerase III Transcription Initiation | Reactome	0.24806565064478311	0.6767874153600577	0.04195319987443899	-0.4060346970443477	-1.173815505912857	15
RNA Polymerase III Transcription | Reactome	0.24806565064478311	0.6767874153600577	0.04195319987443899	-0.4060346970443477	-1.173815505912857	15
RNA degradation - Saccharomyces cerevisiae (budding yeast) | KEGG	8.192394393620726e-4	0.011718685893483561	0.47727081536286214	-0.48273778556252195	-1.8308055864055377	42
RNA polymerase - Saccharomyces cerevisiae (budding yeast) | KEGG	0.015591268889421923	0.10933703575147519	0.17905449926999345	-0.5403347913450824	-1.6729545214844233	19
RNA polymerase II transcribes snRNA genes | Reactome	0.3163716814159292	0.7547995418098512	0.03754633509752206	-0.34322781091858107	-1.101356531441681	22
RND1 GTPase cycle | Reactome	0.7876288659793814	0.9707709530194736	0.019933957515708093	-0.28706657177496275	-0.75404819112117	11
ROS and RNS production in phagocytes | Reactome	0.7552155771905424	0.9707709530194736	0.020756209573159136	-0.27805514852353186	-0.7887059177170536	14
Rab regulation of trafficking | Reactome	0.4582448690728945	0.9137124965150442	0.024405860649346054	0.3795455864285924	1.0025595565485668	13
Regulation of TP53 Activity | Reactome	0.8673067032401851	0.9890000390762378	0.014259495943537221	0.24538425705547012	0.7143674765433528	19
Regulation of mRNA stability by proteins that bind AU-rich elements | Reactome	0.13655172413793104	0.46797413793103454	0.05743529256532879	-0.4762909667765839	-1.3217197507210032	13
Respiratory electron transport | Reactome	0.5536093418259024	0.9707709530194736	0.021381451039521424	0.35217476274709175	0.9302602548738864	13
Respiratory electron transport, ATP synthesis by chemiosmotic coupling, and heat production by uncoupling proteins. | Reactome	0.10964019008825526	0.4013438790508854	0.054920869974913786	0.4371387638621701	1.344712586981053	24
Response to elevated platelet cytosolic Ca2+ | Reactome	0.4619138922781942	0.915479943129674	0.02403006402197021	0.3634394202144271	0.9990664099479063	15
Ribosomal scanning and start codon recognition | Reactome	2.773425563731897e-9	6.517550074769958e-8	0.7749390301364363	-0.5899743364836576	-2.477745089856662	66
Ribosome - Saccharomyces cerevisiae (budding yeast) | KEGG	3.40069631991882e-26	1.1188290892532917e-23	1.3267160980048087	-0.6660634341226088	-3.1886033972878303	139
Ribosome biogenesis in eukaryotes - Saccharomyces cerevisiae (budding yeast) | KEGG	0.012034704729918836	0.0920794850265883	0.22082346409111278	-0.37774067556963337	-1.5417105061110636	58
S Phase | Reactome	0.9926758644183273	0.9926758644183273	0.012208062165014097	0.16091458214887966	0.4742408810390379	20
SLC-mediated transmembrane transport | Reactome	0.40216322517207476	0.8481519300103372	0.03262656646948858	-0.3036032477198304	-1.0274635606453757	26
SRP-dependent cotranslational protein targeting to membrane | Reactome	2.403463604990963e-22	3.953697630210134e-20	1.221053756771862	-0.6767362720926751	-3.1062178609557605	107
SUMO E3 ligases SUMOylate target proteins | Reactome	0.9259386250642894	0.9890000390762378	0.013314522973736143	0.22212346309126163	0.6466501955490378	19
SUMOylation | Reactome	0.6944725311762723	0.9707709530194736	0.01723365457974343	0.27944495726597546	0.8453808301206801	22
Selective autophagy | Reactome	0.7310126582278481	0.9707709530194736	0.01710273215881165	0.29738915511234787	0.800728848995955	14
Selenocompound metabolism - Saccharomyces cerevisiae (budding yeast) | KEGG	0.06987399770904926	0.3284077892325315	0.08140782196286706	-0.5601252704534796	-1.4713013931757963	11
Signal Transduction | Reactome	0.48036951501154734	0.9242197101684156	0.038213943370970165	-0.20233844743843468	-0.9908132213329681	163
Signaling by GPCR | Reactome	0.21972406745017883	0.6560381733856582	0.03749617807355256	0.4076742078400289	1.2014807665104652	20
Signaling by Insulin receptor | Reactome	0.7490454703228046	0.9707709530194736	0.01655820878324342	0.2836631021374927	0.7923984780048007	16
Signaling by Interleukins | Reactome	0.8988207547169811	0.9890000390762378	0.01838730252261478	-0.22828823475368756	-0.6737378573733824	16
Signaling by NTRK1 (TRKA) | Reactome	0.8031272210376688	0.9707709530194736	0.01588723743280211	0.2875112712248361	0.7425381601228268	12
Signaling by NTRKs | Reactome	0.8031272210376688	0.9707709530194736	0.01588723743280211	0.2875112712248361	0.7425381601228268	12
Signaling by Nuclear Receptors | Reactome	0.07453252567816697	0.3313675803799585	0.08461408643957584	-0.36107189205175855	-1.353568285901721	40
Signaling by Receptor Tyrosine Kinases | Reactome	0.8575177118866439	0.9890000390762378	0.020709050566061937	-0.20766071933017197	-0.7740999360963673	39
Signaling by Rho GTPases | Reactome	0.5231860338243317	0.9707709530194736	0.029619810719488417	-0.24569739775575153	-0.9615627502211631	48
Signaling by Rho GTPases, Miro GTPases and RHOBTB3 | Reactome	0.6713810316139767	0.9707709530194736	0.02552970151330516	-0.22421527241974318	-0.8924698740006126	52
Signaling by VEGF | Reactome	0.7915654286706005	0.9707709530194736	0.015756396471220093	0.27257932503853105	0.7614365092553205	16
Sphingolipid de novo biosynthesis | Reactome	0.680326414759624	0.9707709530194736	0.018294100859675318	0.32883490527753667	0.8297977847454769	11
Sphingolipid metabolism - Saccharomyces cerevisiae (budding yeast) | KEGG	0.49885688157293095	0.940661040787623	0.02731251387593694	-0.35612430118966576	-0.9623269787805299	12
Sphingolipid metabolism | Reactome	0.7616772823779193	0.9707709530194736	0.016595384326268583	0.2943102619402903	0.7774127173365595	13
Spliceosome - Saccharomyces cerevisiae (budding yeast) | KEGG	0.9090036782344475	0.9890000390762378	0.012573227477355335	0.20365641860037775	0.713734845987729	43
Starch and sucrose metabolism - Saccharomyces cerevisiae (budding yeast) | KEGG	0.07603530210454854	0.3335415252319529	0.06665564823096148	0.4577873540772723	1.4082311340903102	24
Steroid biosynthesis - Saccharomyces cerevisiae (budding yeast) | KEGG	0.6027444253859349	0.9707709530194736	0.019602688996266625	0.31266060490570236	0.900506790032294	18
Sulfur amino acid metabolism | Reactome	0.2713164466642883	0.702859141358668	0.0340697060515337	0.4789224503773201	1.1756958143961909	10
Sulfur metabolism - Saccharomyces cerevisiae (budding yeast) | KEGG	0.5658009412584974	0.9707709530194736	0.020813041460137825	0.33616167113809026	0.9240820210088171	15
Switching of origins to a post-replicative state | Reactome	0.9131229995427527	0.9890000390762378	0.017693577460174276	-0.239555651295155	-0.6473325897462184	12
Synthesis of DNA | Reactome	0.6424528301886793	0.9707709530194736	0.0235817578906043	-0.2935444609920342	-0.8663259252321277	16
Synthesis of active ubiquitin: roles of E1 and E2 enzymes | Reactome	0.660176170607325	0.9707709530194736	0.022865248463085342	-0.3006004428945705	-0.8526558470081714	14
Synthesis of bile acids and bile salts | Reactome	0.971565059144677	0.9890000390762378	0.016710968791631076	-0.21320177882110533	-0.5429600789250499	10
TCA cycle II (plants and fungi) | YeastCyc	1.4619831441541568e-6	2.6721803023706535e-5	0.6435518361507222	0.822953914456975	2.26223564957269	15
TP53 Regulates Transcription of DNA Repair Genes | Reactome	0.13064713064713065	0.45245164192532616	0.06071178617529305	-0.39850492005174015	-1.299658700476941	23
TRAF6 mediated induction of NFkB and MAP kinases upon TLR7/8 or 9 activation | Reactome	0.7703448275862069	0.9707709530194736	0.02032449160724166	-0.2795001344998343	-0.775620101715878	13
TRIF(TICAM1)-mediated TLR4 signaling  | Reactome	0.7703448275862069	0.9707709530194736	0.02032449160724166	-0.2795001344998343	-0.775620101715878	13
Termination of translesion DNA synthesis | Reactome	0.29799818016378526	0.7462193168696689	0.03716599749862927	-0.4446359987088164	-1.1323526393015193	10
Terpenoid backbone biosynthesis - Saccharomyces cerevisiae (budding yeast) | KEGG	0.3665600568585643	0.8148530993680246	0.02830233356950621	0.41581323757032584	1.0738959730686004	12
The citric acid (TCA) cycle and respiratory electron transport | Reactome	6.0255997967308304e-5	9.912111665622216e-4	0.557332238758646	0.5652822412411838	1.9909625274755112	44
Thiamine metabolism - Saccharomyces cerevisiae (budding yeast) | KEGG	0.4647919524462734	0.9156679781725986	0.028564265557380897	-0.36580093612318404	-0.9884753961427456	12
Toll Like Receptor 10 (TLR10) Cascade | Reactome	0.7703448275862069	0.9707709530194736	0.02032449160724166	-0.2795001344998343	-0.775620101715878	13
Toll Like Receptor 2 (TLR2) Cascade | Reactome	0.7703448275862069	0.9707709530194736	0.02032449160724166	-0.2795001344998343	-0.775620101715878	13
Toll Like Receptor 3 (TLR3) Cascade | Reactome	0.7703448275862069	0.9707709530194736	0.02032449160724166	-0.2795001344998343	-0.775620101715878	13
Toll Like Receptor 4 (TLR4) Cascade | Reactome	0.7703448275862069	0.9707709530194736	0.02032449160724166	-0.2795001344998343	-0.775620101715878	13
Toll Like Receptor 5 (TLR5) Cascade | Reactome	0.7703448275862069	0.9707709530194736	0.02032449160724166	-0.2795001344998343	-0.775620101715878	13
Toll Like Receptor 7/8 (TLR7/8) Cascade | Reactome	0.7703448275862069	0.9707709530194736	0.02032449160724166	-0.2795001344998343	-0.775620101715878	13
Toll Like Receptor 9 (TLR9) Cascade | Reactome	0.7703448275862069	0.9707709530194736	0.02032449160724166	-0.2795001344998343	-0.775620101715878	13
Toll Like Receptor TLR1:TLR2 Cascade | Reactome	0.7703448275862069	0.9707709530194736	0.02032449160724166	-0.2795001344998343	-0.775620101715878	13
Toll Like Receptor TLR6:TLR2 Cascade | Reactome	0.7703448275862069	0.9707709530194736	0.02032449160724166	-0.2795001344998343	-0.775620101715878	13
Toll-like Receptor Cascades | Reactome	0.9139150943396226	0.9890000390762378	0.01814029492869372	-0.22368870005492653	-0.6601634361764191	16
Transcription-Coupled Nucleotide Excision Repair (TC-NER) | Reactome	0.010520913523222993	0.09108896181948327	0.22623238004642038	-0.4557795612167974	-1.6476093441310562	34
Transcriptional Regulation by TP53 | Reactome	0.9626065438548254	0.9890000390762378	0.019658723620017148	-0.17252111888319133	-0.6773805367859358	49
Transferrin endocytosis and recycling | Reactome	0.6032183908045977	0.9707709530194736	0.02419151326243238	-0.3210957949784767	-0.8910491352979812	13
Translation initiation complex formation | Reactome	3.5851440162309515e-9	7.371952383374895e-8	0.7749390301364363	-0.587542121672507	-2.4675303941773157	66
Translation | Reactome	1.6190165153797817e-20	8.877607225999136e-19	1.1690699667610949	-0.6038841645319433	-2.895259275067369	140
Translesion Synthesis by POLH | Reactome	0.4240218380345769	0.8773785202099107	0.030146099965808835	-0.40013032123452097	-1.0190102165146409	10
Translesion synthesis by Y family DNA polymerases bypasses lesions on DNA template | Reactome	0.3820689655172414	0.826978221415608	0.03231993570512057	-0.37898571936249303	-1.051695172622453	13
Transport of inorganic cations/anions and amino acids/oligopeptides | Reactome	0.26298850574712646	0.6977678902484242	0.040150310122041705	-0.4218110915750779	-1.1705366880692554	13
Transport of small molecules | Reactome	0.18187375821488613	0.5924402619078963	0.039263955135662186	0.30857800408565605	1.1883663173143582	70
Transport to the Golgi and subsequent modification | Reactome	0.2697788697788698	0.702859141358668	0.03249601016040235	0.34134165105371594	1.1366914801108867	34
Tristetraprolin (TTP, ZFP36) binds and destabilizes mRNA | Reactome	0.011454753722794959	0.09171192918929792	0.20454413181854614	-0.6691330110621825	-1.7576359848907595	11
Tryptophan metabolism - Saccharomyces cerevisiae (budding yeast) | KEGG	0.2943298969072165	0.7448810467882633	0.03173753958601542	0.4007043550578162	1.140865611390795	17
Ub-specific processing proteases | Reactome	0.9875930521091811	0.9914642734455512	0.01931367370153982	-0.15363723310151173	-0.6069915192514329	50
Ubiquitin mediated proteolysis - Saccharomyces cerevisiae (budding yeast) | KEGG	0.752807160292921	0.9707709530194736	0.015551546099886527	0.24269150143918755	0.8200732487345685	36
VEGFA-VEGFR2 Pathway | Reactome	0.7915654286706005	0.9707709530194736	0.015756396471220093	0.27257932503853105	0.7614365092553205	16
VEGFR2 mediated vascular permeability | Reactome	0.6472992181947406	0.9707709530194736	0.019060055521373374	0.33268422869138825	0.8592036549454272	12
Valine, leucine and isoleucine biosynthesis - Saccharomyces cerevisiae (budding yeast) | KEGG	0.009554140127388535	0.08731422505307855	0.2234791191174785	-0.7021186836567564	-1.7880827167624296	10
Valine, leucine and isoleucine degradation - Saccharomyces cerevisiae (budding yeast) | KEGG	0.7436034115138592	0.9707709530194736	0.01700803312616366	0.306225529623568	0.7908703557277453	12
Various types of N-glycan biosynthesis - Saccharomyces cerevisiae (budding yeast) | KEGG	0.7121549802845877	0.9707709530194736	0.017116821420989945	0.283904952551212	0.8265096830817595	19
Vesicle-mediated transport | Reactome	0.11716077537058153	0.41006271379703535	0.04822336963919134	0.2929111119008173	1.228240584731919	116
aerobic respiration (cytochrome c) | YeastCyc	0.19325309374470248	0.6113487292500684	0.04022979964534218	0.3955551503236637	1.2268067229029551	25
aerobic respiration (linear view) | YeastCyc	0.19325309374470248	0.6113487292500684	0.04022979964534218	0.3955551503236637	1.2268067229029551	25
arginine biosynthesis | YeastCyc	0.06278434940855324	0.31297046902142445	0.08571314687753376	-0.5910884978829622	-1.5053226067664125	10
beta-Alanine metabolism - Saccharomyces cerevisiae (budding yeast) | KEGG	0.3193007491972886	0.7547995418098512	0.030902659006622635	0.4603988345444793	1.1302226118244676	10
chitin biosynthesis | YeastCyc	0.03870183963901423	0.21221508735392805	0.095636421370719	0.5478414855421899	1.5303673832104747	16
chitin degradation to ethanol | YeastCyc	0.4361970217640321	0.8911982423947372	0.029754270354770764	-0.3875869527662537	-1.0180887270450558	11
de novo biosynthesis of pyrimidine ribonucleotides | YeastCyc	0.5966821262932572	0.9707709530194736	0.0203518895016982	0.3641964336682776	0.8940575292397924	10
folate interconversions | YeastCyc	0.1699885452462772	0.5649114281416687	0.05097885897178931	-0.48705319507523726	-1.2793603186029363	11
folate transformations | YeastCyc	0.1699885452462772	0.5649114281416687	0.05097885897178931	-0.48705319507523726	-1.2793603186029363	11
gluconeogenesis | YeastCyc	0.36202773792443804	0.8102525563070756	0.034162493418299085	-0.3544723757029354	-1.0618324237630874	17
glutathione-mediated detoxification II | YeastCyc	0.5861911294010059	0.9707709530194736	0.024572305610164144	-0.33292637802492486	-0.8996410367133004	12
glycolysis III (from glucose) | YeastCyc	0.6286465805834529	0.9707709530194736	0.024160301575861104	-0.29230847549243	-0.8756186329135427	17
glycolysis | YeastCyc	0.014302461899179367	0.1045668881073336	0.18491588197177058	-0.5889019578573036	-1.7024708839595601	15
glyoxylate cycle | YeastCyc	0.003210845522654299	0.038017545676083314	0.34452128726268	0.7410042124187752	1.8190743622570347	10
isoleucine degradation II | YeastCyc	0.11101000909918107	0.4013438790508854	0.063728697179177	-0.5424478768129573	-1.3814497404087	10
isoleucine degradation | YeastCyc	0.11101000909918107	0.4013438790508854	0.063728697179177	-0.5424478768129573	-1.3814497404087	10
mRNA Capping | Reactome	0.07330735509011203	0.3303852030773542	0.08196474729218663	-0.44597894602132565	-1.413924498042354	21
mRNA decay by 3, to 5, exoribonuclease | Reactome	0.0027625679514570647	0.03635539424117497	0.4317076958033464	-0.7233243019121162	-1.8999822169415848	11
mRNA surveillance pathway - Saccharomyces cerevisiae (budding yeast) | KEGG	0.9406404582140068	0.9890000390762378	0.019184134280985504	-0.18489342340381812	-0.6861183485834133	38
pentose phosphate pathway | YeastCyc	0.5882982518729932	0.9707709530194736	0.020568654681801694	0.3667733182637458	0.9003834645361793	10
phosphatidylinositol phosphate biosynthesis | YeastCyc	0.5314883803441547	0.9707709530194736	0.022061400910685047	0.37440638669808546	0.9447950484891938	11
protein <i>N</i>-glycosylation (eukaryotic) initial steps | YeastCyc	0.03443328550932568	0.19200933784013813	0.1195664178161683	-0.5279954798694453	-1.5816259842927016	17
sphingolipid biosynthesis | YeastCyc	0.57818052594172	0.9707709530194736	0.020775124207278922	0.3533071842171962	0.9124653284345794	12
superpathway of ergosterol biosynthesis | YeastCyc	0.8169868554095046	0.9809805672617774	0.01487424199415425	0.2493319205158177	0.7542824461871566	22
superpathway of phenylalanine, tyrosine and tryptophan biosynthesis | YeastCyc	0.02565864833906071	0.1563276908064995	0.13586292637765363	-0.6240898887295911	-1.6393195793708384	11
superpathway of purine nucleotides <i>de novo</i> biosynthesis I | YeastCyc	0.7681441792498782	0.9707709530194736	0.02125775637770599	-0.25129442739481184	-0.7966998224576726	21
superpathway of sulfur amino acid biosynthesis (<i>Saccharomyces cerevisiae</i>) | YeastCyc	0.5966620305980529	0.9707709530194736	0.024508024392790585	-0.3148796352287463	-0.8931589038801118	14
superpathway of thiamin diphosphate biosynthesis III (eukaryotes) | YeastCyc	0.04136776661884266	0.22311467569834811	0.10889328195117924	-0.5192073593382316	-1.555300910849458	17
tRNA charging | YeastCyc	0.028738431563565515	0.1688382854359474	0.13230852260538306	-0.4934288467602172	-1.5643589023632896	21
trans-Golgi Network Vesicle Budding | Reactome	0.4497072911122938	0.9026063100137174	0.02476062045916617	0.4013659393363116	1.0128260777318103	11
